{
  "single_split_results": [
    {
      "name": "v1_linear_minilm",
      "encoder": "all-MiniLM-L6-v2",
      "head_type": "linear",
      "use_style": false,
      "params": 6545,
      "best_epoch": 40,
      "trained_epochs": 56,
      "val_fam_acc": 0.6764705777168274,
      "test_top1": 0.44117647409439087,
      "test_top2": 0.7058823704719543,
      "test_top3": 0.7058823704719543,
      "test_intent_top1": 0.44117647409439087,
      "macro_f1": 0.3945787545787546,
      "f1_per_family": {
        "border_redoubt": 0.4,
        "industrial_district": 0.3076923076923077,
        "institutional_compound": 0.0,
        "manor_estate": 0.6666666666666666,
        "mountain_fortress": 0.5714285714285714,
        "open_settlement": 0.0,
        "royal_palace": 0.5,
        "temple_complex": 1.0,
        "underground_ruin": 0.5,
        "walled_settlement": 0.0
      },
      "institutional_f1": 0.0,
      "walled_f1": 0.0,
      "worst_family": "institutional_compound",
      "worst_f1": 0.0
    },
    {
      "name": "v2_mlp_minilm_style",
      "encoder": "all-MiniLM-L6-v2",
      "head_type": "mlp",
      "use_style": true,
      "params": 61201,
      "best_epoch": 87,
      "trained_epochs": 118,
      "val_fam_acc": 0.6764705777168274,
      "test_top1": 0.5882353186607361,
      "test_top2": 0.7352941036224365,
      "test_top3": 0.8235294222831726,
      "test_intent_top1": 0.6176470518112183,
      "macro_f1": 0.5935714285714286,
      "f1_per_family": {
        "border_redoubt": 0.6666666666666666,
        "industrial_district": 0.3333333333333333,
        "institutional_compound": 0.4,
        "manor_estate": 0.5714285714285714,
        "mountain_fortress": 0.75,
        "open_settlement": 0.3333333333333333,
        "royal_palace": 0.8571428571428571,
        "temple_complex": 0.8571428571428571,
        "underground_ruin": 0.6666666666666666,
        "walled_settlement": 0.5
      },
      "institutional_f1": 0.4,
      "walled_f1": 0.5,
      "worst_family": "industrial_district",
      "worst_f1": 0.3333333333333333
    },
    {
      "name": "v3_mlp_mpnet_style",
      "encoder": "all-mpnet-base-v2",
      "head_type": "mlp",
      "use_style": true,
      "params": 110353,
      "best_epoch": 93,
      "trained_epochs": 124,
      "val_fam_acc": 0.7058823704719543,
      "test_top1": 0.6764705777168274,
      "test_top2": 0.8235294222831726,
      "test_top3": 0.9117646813392639,
      "test_intent_top1": 0.6470588445663452,
      "macro_f1": 0.6889826839826839,
      "f1_per_family": {
        "border_redoubt": 0.5714285714285714,
        "industrial_district": 0.36363636363636365,
        "institutional_compound": 0.6666666666666666,
        "manor_estate": 0.6666666666666666,
        "mountain_fortress": 0.8571428571428571,
        "open_settlement": 0.8,
        "royal_palace": 0.8571428571428571,
        "temple_complex": 0.8571428571428571,
        "underground_ruin": 0.75,
        "walled_settlement": 0.5
      },
      "institutional_f1": 0.6666666666666666,
      "walled_f1": 0.5,
      "worst_family": "industrial_district",
      "worst_f1": 0.36363636363636365
    }
  ],
  "cv_results": [
    {
      "name": "v1_linear_minilm",
      "top1_mean": 0.5205882310867309,
      "top1_std": 0.056268015986280145,
      "top2_mean": 0.7411764621734619,
      "top3_mean": 0.8176470637321472,
      "macro_f1_mean": 0.4658438467128062,
      "inst_f1_mean": 0.3868864468864469,
      "wall_f1_mean": 0.32492063492063494,
      "f1_per_family": {
        "border_redoubt": 0.08888888888888888,
        "industrial_district": 0.703842562666092,
        "institutional_compound": 0.3868864468864469,
        "manor_estate": 0.52945939509407,
        "mountain_fortress": 0.49332218506131553,
        "open_settlement": 0.49756021756021757,
        "royal_palace": 0.3231746031746031,
        "temple_complex": 0.618355560847821,
        "underground_ruin": 0.692027972027972,
        "walled_settlement": 0.32492063492063494
      }
    },
    {
      "name": "v2_mlp_minilm_style",
      "top1_mean": 0.5264705777168274,
      "top1_std": 0.04302569623409806,
      "top2_mean": 0.7117647051811218,
      "top3_mean": 0.7970588088035584,
      "macro_f1_mean": 0.4719448104355225,
      "inst_f1_mean": 0.21428571428571427,
      "wall_f1_mean": 0.21428571428571427,
      "f1_per_family": {
        "border_redoubt": 0.21333333333333332,
        "industrial_district": 0.6692857142857143,
        "institutional_compound": 0.21428571428571427,
        "manor_estate": 0.4643711843711843,
        "mountain_fortress": 0.554422821760283,
        "open_settlement": 0.5104300085879033,
        "royal_palace": 0.5415873015873015,
        "temple_complex": 0.6456209150326797,
        "underground_ruin": 0.6918253968253969,
        "walled_settlement": 0.21428571428571427
      }
    },
    {
      "name": "v3_mlp_mpnet_style",
      "top1_mean": 0.5764705836772919,
      "top1_std": 0.06335488322538166,
      "top2_mean": 0.7705882310867309,
      "top3_mean": 0.8529411792755127,
      "macro_f1_mean": 0.5412293286349014,
      "inst_f1_mean": 0.4725974025974026,
      "wall_f1_mean": 0.37405372405372406,
      "f1_per_family": {
        "border_redoubt": 0.3482905982905983,
        "industrial_district": 0.660014005602241,
        "institutional_compound": 0.4725974025974026,
        "manor_estate": 0.5732399626517274,
        "mountain_fortress": 0.5651579930217702,
        "open_settlement": 0.641938556799238,
        "royal_palace": 0.5373870573870574,
        "temple_complex": 0.6311111111111111,
        "underground_ruin": 0.6085028748341441,
        "walled_settlement": 0.37405372405372406
      }
    }
  ],
  "best_config": "v3_mlp_mpnet_style",
  "v4_cv": {
    "top1": 0.2205882415175438,
    "top2": 0.3205882400274277,
    "top3": 0.42058823704719545,
    "macro_f1": 0.13354761446225097,
    "inst": 0.11428571428571428,
    "wall": 0.0,
    "top1_std": 0.14910343764167422,
    "f1_per_family": {
      "border_redoubt": 0.1880184331797235,
      "industrial_district": 0.20285714285714285,
      "institutional_compound": 0.11428571428571428,
      "manor_estate": 0.08623548922056384,
      "mountain_fortress": 0.08571428571428572,
      "open_settlement": 0.125,
      "royal_palace": 0.14285714285714285,
      "temple_complex": 0.1841269841269841,
      "underground_ruin": 0.2063809523809524,
      "walled_settlement": 0.0
    }
  }
}